{
  "n_samples": 39,
  "total_frames": 6194,
  "mean_duration": 158.82051282051282,
  "recon_mse_mean": 0.29159315828926796,
  "recon_mse_std": 0.19605829384684137,
  "recon_mse_median": 0.23178502493776862,
  "recon_mse_min": 0.09650769186971273,
  "recon_mse_max": 1.0583742053726684,
  "recon_mae_mean": 0.33570519590834347,
  "recon_mae_std": 0.07948371423658852,
  "recon_mae_median": 0.3202236599126737,
  "recon_mae_min": 0.20650319091884853,
  "recon_mae_max": 0.5503371965809246,
  "recon_rmse_mean": 0.5183936617482031,
  "recon_rmse_std": 0.15119910630872646,
  "recon_rmse_median": 0.48144057259205797,
  "recon_rmse_min": 0.3106568715958376,
  "recon_rmse_max": 1.0287731554490855,
  "recon_correlation_mean": 0.5912357839827599,
  "recon_correlation_std": 0.15390449484608237,
  "recon_correlation_median": 0.6183120738441774,
  "recon_correlation_min": 0.08381485603044564,
  "recon_correlation_max": 0.8140903716126902,
  "recon_mse_expression_mean": 0.3250282190970385,
  "recon_mse_expression_std": 0.2191966110804716,
  "recon_mse_expression_median": 0.25778699112644365,
  "recon_mse_expression_min": 0.10759625624180195,
  "recon_mse_expression_max": 1.183535082113685,
  "recon_mse_jaw_pose_mean": 0.002370174408554333,
  "recon_mse_jaw_pose_std": 0.0015031406359160312,
  "recon_mse_jaw_pose_median": 0.0020677812530219717,
  "recon_mse_jaw_pose_min": 0.0007098411801880263,
  "recon_mse_jaw_pose_max": 0.0069319592017131415,
  "recon_mse_eye_pose_mean": 0.010638026006853105,
  "recon_mse_eye_pose_std": 0.005853841426784255,
  "recon_mse_eye_pose_median": 0.009525466182091697,
  "recon_mse_eye_pose_min": 0.002849619000608542,
  "recon_mse_eye_pose_max": 0.025578350787529763,
  "recon_mse_global_orient_mean": 0.028224379809125837,
  "recon_mse_global_orient_std": 0.025626823326458187,
  "recon_mse_global_orient_median": 0.02051026857075937,
  "recon_mse_global_orient_min": 0.004415025939544791,
  "recon_mse_global_orient_max": 0.13763450461656865,
  "recon_mae_expression_mean": 0.36712103052730066,
  "recon_mae_expression_std": 0.08730193596597384,
  "recon_mae_expression_median": 0.35091393377817076,
  "recon_mae_expression_min": 0.22652912312313117,
  "recon_mae_expression_max": 0.6058188099568595,
  "recon_mae_jaw_pose_mean": 0.03272262126704612,
  "recon_mae_jaw_pose_std": 0.00839232246888658,
  "recon_mae_jaw_pose_median": 0.03268484912395745,
  "recon_mae_jaw_pose_min": 0.019237368315009884,
  "recon_mae_jaw_pose_max": 0.05319416346729443,
  "recon_mae_eye_pose_mean": 0.0702509244470361,
  "recon_mae_eye_pose_std": 0.01925614213828299,
  "recon_mae_eye_pose_median": 0.06831379892479603,
  "recon_mae_eye_pose_min": 0.03811813398587547,
  "recon_mae_eye_pose_max": 0.11379443654603429,
  "recon_mae_global_orient_mean": 0.12240182617367901,
  "recon_mae_global_orient_std": 0.05420036473953983,
  "recon_mae_global_orient_median": 0.1016466398286866,
  "recon_mae_global_orient_min": 0.05379459065114779,
  "recon_mae_global_orient_max": 0.3065131644522063,
  "recon_corr_expression_mean": 0.5916454816443968,
  "recon_corr_expression_std": 0.15362785932594986,
  "recon_corr_expression_median": 0.6182534636168564,
  "recon_corr_expression_min": 0.08655593380709739,
  "recon_corr_expression_max": 0.8142294036989538,
  "recon_corr_jaw_pose_mean": 0.553386485893307,
  "recon_corr_jaw_pose_std": 0.190075082881728,
  "recon_corr_jaw_pose_median": 0.598043734562679,
  "recon_corr_jaw_pose_min": 0.013799580137616363,
  "recon_corr_jaw_pose_max": 0.833127158118251,
  "recon_corr_eye_pose_mean": 0.6079721232866742,
  "recon_corr_eye_pose_std": 0.21370633850502385,
  "recon_corr_eye_pose_median": 0.6787087891406975,
  "recon_corr_eye_pose_min": -0.23430218078965312,
  "recon_corr_eye_pose_max": 0.833432355569501,
  "recon_corr_global_orient_mean": 0.4058397157847592,
  "recon_corr_global_orient_std": 0.3692483272702149,
  "recon_corr_global_orient_median": 0.5106181189197698,
  "recon_corr_global_orient_min": -0.5463784894321115,
  "recon_corr_global_orient_max": 0.8757935320695674,
  "recon_mse_mouth_open_mean": 0.6794787974285672,
  "recon_mse_mouth_open_std": 0.45483174102325175,
  "recon_mse_mouth_open_median": 0.5677879352180242,
  "recon_mse_mouth_open_min": 0.18825126359260497,
  "recon_mse_mouth_open_max": 2.549639988958478,
  "recon_mse_smile_frown_mean": 0.43124270024316613,
  "recon_mse_smile_frown_std": 0.25201638491232253,
  "recon_mse_smile_frown_median": 0.3674656235860776,
  "recon_mse_smile_frown_min": 0.16521116103155176,
  "recon_mse_smile_frown_max": 1.3014185682754,
  "recon_mse_lips_mean": 0.8545842935430926,
  "recon_mse_lips_std": 0.45864492360963466,
  "recon_mse_lips_median": 0.7483625341933684,
  "recon_mse_lips_min": 0.204815252931739,
  "recon_mse_lips_max": 2.581593716539615,
  "recon_mse_brows_mean": 0.3081898035293265,
  "recon_mse_brows_std": 0.1815729727299968,
  "recon_mse_brows_median": 0.25307016983779146,
  "recon_mse_brows_min": 0.08646646862290613,
  "recon_mse_brows_max": 0.9373349404066718,
  "recon_mse_eyes_expr_mean": 0.31898219127800337,
  "recon_mse_eyes_expr_std": 0.28150824692108367,
  "recon_mse_eyes_expr_median": 0.2176915385369123,
  "recon_mse_eyes_expr_min": 0.07513298174086167,
  "recon_mse_eyes_expr_max": 1.325220074463068,
  "recon_mse_cheeks_mean": 0.5887344611325398,
  "recon_mse_cheeks_std": 0.7046459533190371,
  "recon_mse_cheeks_median": 0.35776199332459674,
  "recon_mse_cheeks_min": 0.0865879811679677,
  "recon_mse_cheeks_max": 3.496327064933217,
  "recon_mse_nose_mean": 0.5230061726001344,
  "recon_mse_nose_std": 0.3518809426816203,
  "recon_mse_nose_median": 0.42603409537452686,
  "recon_mse_nose_min": 0.14184136180103227,
  "recon_mse_nose_max": 1.853778037474376,
  "temporal_velocity_mse_mean": 81.56785261959304,
  "temporal_velocity_mse_std": 75.59473898218059,
  "temporal_velocity_mse_median": 47.12331988432465,
  "temporal_velocity_mse_min": 2.0536552312272436,
  "temporal_velocity_mse_max": 343.3819126270484,
  "temporal_velocity_mae_mean": 4.1112984470764316,
  "temporal_velocity_mae_std": 1.6238048098441686,
  "temporal_velocity_mae_median": 3.8557618561015317,
  "temporal_velocity_mae_min": 0.4031784972380312,
  "temporal_velocity_mae_max": 9.05418632432548,
  "temporal_velocity_corr_mean": 0.005002357011132788,
  "temporal_velocity_corr_std": 0.015380117794621744,
  "temporal_velocity_corr_median": 0.0010591598198364072,
  "temporal_velocity_corr_min": -0.011532570196081357,
  "temporal_velocity_corr_max": 0.06833113412830484,
  "temporal_accel_mse_mean": 184821.677842361,
  "temporal_accel_mse_std": 175879.80890653408,
  "temporal_accel_mse_median": 106103.35919886924,
  "temporal_accel_mse_min": 4063.141243002854,
  "temporal_accel_mse_max": 763451.4700420853,
  "temporal_accel_mae_mean": 194.66917848381152,
  "temporal_accel_mae_std": 81.09381519062673,
  "temporal_accel_mae_median": 182.2520869418351,
  "temporal_accel_mae_min": 17.53983544327272,
  "temporal_accel_mae_max": 450.3326791616052,
  "temporal_jerk_mean_pred_mean": 54.164320811698495,
  "temporal_jerk_mean_pred_std": 31.598206915785656,
  "temporal_jerk_mean_pred_median": 47.69129690741904,
  "temporal_jerk_mean_pred_min": 11.510051678894508,
  "temporal_jerk_mean_pred_max": 132.23202214045065,
  "temporal_jerk_peak_pred_mean": 2200.2968326377304,
  "temporal_jerk_peak_pred_std": 684.4282197411752,
  "temporal_jerk_peak_pred_median": 2141.1740219961976,
  "temporal_jerk_peak_pred_min": 1265.5676865559476,
  "temporal_jerk_peak_pred_max": 3897.918023140736,
  "temporal_jerk_auc_pred_mean": 221.75511281353405,
  "temporal_jerk_auc_pred_std": 66.90362459039248,
  "temporal_jerk_auc_pred_median": 207.91774461762378,
  "temporal_jerk_auc_pred_min": 134.54075667161527,
  "temporal_jerk_auc_pred_max": 373.6450816936325,
  "temporal_smoothness_ratio_mean": 0.0004580658286118719,
  "temporal_smoothness_ratio_std": 0.00039349155645893627,
  "temporal_smoothness_ratio_median": 0.00037007164377253536,