{
  "n_samples": 39,
  "total_frames": 6194,
  "mean_duration": 158.82051282051282,
  "recon_mse_mean": 0.26944637454223624,
  "recon_mse_std": 0.19231126389366685,
  "recon_mse_median": 0.20871410482932817,
  "recon_mse_min": 0.10392442009067228,
  "recon_mse_max": 1.1040460589794059,
  "recon_mae_mean": 0.3202877148074292,
  "recon_mae_std": 0.07967904928162871,
  "recon_mae_median": 0.3073521778054583,
  "recon_mae_min": 0.21457624283980742,
  "recon_mae_max": 0.5535474889597943,
  "recon_rmse_mean": 0.49654296598264797,
  "recon_rmse_std": 0.15129923157567907,
  "recon_rmse_median": 0.4568523884465618,
  "recon_rmse_min": 0.32237310695942406,
  "recon_rmse_max": 1.0507359606387352,
  "recon_correlation_mean": 0.6261559636917308,
  "recon_correlation_std": 0.14869728789433567,
  "recon_correlation_median": 0.6411631653435746,
  "recon_correlation_min": 0.16969344386301172,
  "recon_correlation_max": 0.822257824443414,
  "recon_mse_expression_mean": 0.3003398523575515,
  "recon_mse_expression_std": 0.21504454403301992,
  "recon_mse_expression_median": 0.2328226343021821,
  "recon_mse_expression_min": 0.11544455410060397,
  "recon_mse_expression_max": 1.234587423184354,
  "recon_mse_jaw_pose_mean": 0.0023228570990953107,
  "recon_mse_jaw_pose_std": 0.0014263550660561755,
  "recon_mse_jaw_pose_median": 0.002055545350707112,
  "recon_mse_jaw_pose_min": 0.0007434168938959157,
  "recon_mse_jaw_pose_max": 0.006913467233527911,
  "recon_mse_eye_pose_mean": 0.010796413293164603,
  "recon_mse_eye_pose_std": 0.006557811467012647,
  "recon_mse_eye_pose_median": 0.009896164794765747,
  "recon_mse_eye_pose_min": 0.003824316127759548,
  "recon_mse_eye_pose_max": 0.03506433508929482,
  "recon_mse_global_orient_mean": 0.024087220639678653,
  "recon_mse_global_orient_std": 0.015603964586973648,
  "recon_mse_global_orient_median": 0.018662806405546645,
  "recon_mse_global_orient_min": 0.006821597921455661,
  "recon_mse_global_orient_max": 0.07159665681664872,
  "recon_mae_expression_mean": 0.3499194238246347,
  "recon_mae_expression_std": 0.08793106003362203,
  "recon_mae_expression_median": 0.33609253777503983,
  "recon_mae_expression_min": 0.23482320002788576,
  "recon_mae_expression_max": 0.6099620875448147,
  "recon_mae_jaw_pose_mean": 0.03249172705643281,
  "recon_mae_jaw_pose_std": 0.008680346798947672,
  "recon_mae_jaw_pose_median": 0.03193803127466729,
  "recon_mae_jaw_pose_min": 0.0201658091602709,
  "recon_mae_jaw_pose_max": 0.05303655634962743,
  "recon_mae_eye_pose_mean": 0.07192096753703568,
  "recon_mae_eye_pose_std": 0.020692099669599884,
  "recon_mae_eye_pose_median": 0.07055100789460923,
  "recon_mae_eye_pose_min": 0.046335000112848655,
  "recon_mae_eye_pose_max": 0.14136053476473703,
  "recon_mae_global_orient_mean": 0.11709356319236128,
  "recon_mae_global_orient_std": 0.04035180715991635,
  "recon_mae_global_orient_median": 0.10771195769550293,
  "recon_mae_global_orient_min": 0.062337758176576524,
  "recon_mae_global_orient_max": 0.22037240698251245,
  "recon_corr_expression_mean": 0.6263234953047404,
  "recon_corr_expression_std": 0.1488229689373622,
  "recon_corr_expression_median": 0.6421335020648307,
  "recon_corr_expression_min": 0.1698123522558223,
  "recon_corr_expression_max": 0.8232453266201354,
  "recon_corr_jaw_pose_mean": 0.5617625013204177,
  "recon_corr_jaw_pose_std": 0.21247873952192636,
  "recon_corr_jaw_pose_median": 0.6420417440741522,
  "recon_corr_jaw_pose_min": -0.08943762733602979,
  "recon_corr_jaw_pose_max": 0.8305186762344612,
  "recon_corr_eye_pose_mean": 0.641611748841451,
  "recon_corr_eye_pose_std": 0.17452184837415682,
  "recon_corr_eye_pose_median": 0.6775418771195293,
  "recon_corr_eye_pose_min": -0.10596707914947046,
  "recon_corr_eye_pose_max": 0.8716877686549404,
  "recon_corr_global_orient_mean": 0.46223165718880704,
  "recon_corr_global_orient_std": 0.29362539201176774,
  "recon_corr_global_orient_median": 0.5189457510786729,
  "recon_corr_global_orient_min": -0.1989277955157368,
  "recon_corr_global_orient_max": 0.9078485663861814,
  "recon_mse_mouth_open_mean": 0.6575953711043959,
  "recon_mse_mouth_open_std": 0.47591295114564053,
  "recon_mse_mouth_open_median": 0.5286784891514411,
  "recon_mse_mouth_open_min": 0.1602213212711316,
  "recon_mse_mouth_open_max": 2.5908388369021362,
  "recon_mse_smile_frown_mean": 0.4330073018502647,
  "recon_mse_smile_frown_std": 0.27068264423486227,
  "recon_mse_smile_frown_median": 0.3626024424404295,
  "recon_mse_smile_frown_min": 0.1383134658932989,
  "recon_mse_smile_frown_max": 1.4826695343686476,
  "recon_mse_lips_mean": 0.744814524226411,
  "recon_mse_lips_std": 0.5035518766641083,
  "recon_mse_lips_median": 0.6353735308751387,
  "recon_mse_lips_min": 0.19863633678800238,
  "recon_mse_lips_max": 2.574252579895815,
  "recon_mse_brows_mean": 0.2752961436752238,
  "recon_mse_brows_std": 0.1741863639687662,
  "recon_mse_brows_median": 0.2193568626990443,
  "recon_mse_brows_min": 0.0726026935011177,
  "recon_mse_brows_max": 0.9751562161442788,
  "recon_mse_eyes_expr_mean": 0.29204011000680513,
  "recon_mse_eyes_expr_std": 0.2502816278956819,
  "recon_mse_eyes_expr_median": 0.21388719844475587,
  "recon_mse_eyes_expr_min": 0.08392804455058572,
  "recon_mse_eyes_expr_max": 1.3132633022714768,
  "recon_mse_cheeks_mean": 0.551053766601448,
  "recon_mse_cheeks_std": 0.6607242408092445,
  "recon_mse_cheeks_median": 0.3412247699860042,
  "recon_mse_cheeks_min": 0.10906068279677276,
  "recon_mse_cheeks_max": 3.527639425859263,
  "recon_mse_nose_mean": 0.4878907866575415,
  "recon_mse_nose_std": 0.3533604916196449,
  "recon_mse_nose_median": 0.3848818684722485,
  "recon_mse_nose_min": 0.14185396111213738,
  "recon_mse_nose_max": 1.9875178779174099,
  "temporal_velocity_mse_mean": 81.01053359048686,
  "temporal_velocity_mse_std": 74.94435151548613,
  "temporal_velocity_mse_median": 45.982841552442,
  "temporal_velocity_mse_min": 2.5967920400837228,
  "temporal_velocity_mse_max": 336.571384353569,
  "temporal_velocity_mae_mean": 4.116270657808467,
  "temporal_velocity_mae_std": 1.597803619145252,
  "temporal_velocity_mae_median": 3.8223507126576957,
  "temporal_velocity_mae_min": 0.6612279741629639,
  "temporal_velocity_mae_max": 9.062673606199837,
  "temporal_velocity_corr_mean": 0.08575738769283758,
  "temporal_velocity_corr_std": 0.05323361539579751,
  "temporal_velocity_corr_median": 0.09401286380639333,
  "temporal_velocity_corr_min": -0.015577833290060702,
  "temporal_velocity_corr_max": 0.19590847946634332,
  "temporal_accel_mse_mean": 184671.14930778745,
  "temporal_accel_mse_std": 175606.95910361418,
  "temporal_accel_mse_median": 106344.91465271912,
  "temporal_accel_mse_min": 4338.601271824162,
  "temporal_accel_mse_max": 763790.930181851,
  "temporal_accel_mae_mean": 194.82771206310926,
  "temporal_accel_mae_std": 80.61160510882817,
  "temporal_accel_mae_median": 182.14457650405166,
  "temporal_accel_mae_min": 21.567497748073027,
  "temporal_accel_mae_max": 450.4073954015146,
  "temporal_jerk_mean_pred_mean": 3651.7742573326523,
  "temporal_jerk_mean_pred_std": 1809.0667350118954,
  "temporal_jerk_mean_pred_median": 3298.9983957872614,
  "temporal_jerk_mean_pred_min": 833.3288878859057,
  "temporal_jerk_mean_pred_max": 8970.447896112677,
  "temporal_jerk_peak_pred_mean": 48166.79431343204,
  "temporal_jerk_peak_pred_std": 24220.243707591017,
  "temporal_jerk_peak_pred_median": 46949.46533669849,
  "temporal_jerk_peak_pred_min": 6999.642587558339,
  "temporal_jerk_peak_pred_max": 109922.0701315934,
  "temporal_jerk_auc_pred_mean": 17284.6058516545,
  "temporal_jerk_auc_pred_std": 8120.40054127605,
  "temporal_jerk_auc_pred_median": 15994.273481115588,
  "temporal_jerk_auc_pred_min": 1944.43407173378,
  "temporal_jerk_auc_pred_max": 37563.4678072993,
  "temporal_smoothness_ratio_mean": 0.027920458208635902,
  "temporal_smoothness_ratio_std": 0.01816137580772018,
  "temporal_smoothness_ratio_median": 0.02454108227000614,