{
  "n_samples": 39,
  "total_frames": 6194,
  "mean_duration": 158.82051282051282,
  "recon_mse_mean": 0.28578142054298966,
  "recon_mse_std": 0.18504100559316572,
  "recon_mse_median": 0.23407199356036162,
  "recon_mse_min": 0.10532693286709359,
  "recon_mse_max": 1.035436265452908,
  "recon_mae_mean": 0.3331026887342533,
  "recon_mae_std": 0.07274751965481052,
  "recon_mae_median": 0.32800894616874277,
  "recon_mae_min": 0.2180612092699996,
  "recon_mae_max": 0.5501152969204912,
  "recon_rmse_mean": 0.5154621637327546,
  "recon_rmse_std": 0.14170454580900596,
  "recon_rmse_median": 0.48380987335973374,
  "recon_rmse_min": 0.32454111121257595,
  "recon_rmse_max": 1.0175638876517326,
  "recon_correlation_mean": 0.5942753747656944,
  "recon_correlation_std": 0.14181608790785624,
  "recon_correlation_median": 0.6425002389288994,
  "recon_correlation_min": 0.18527323815187868,
  "recon_correlation_max": 0.7987026517408085,
  "recon_mse_expression_mean": 0.31846069887283285,
  "recon_mse_expression_std": 0.20706914884581182,
  "recon_mse_expression_median": 0.2611256289324643,
  "recon_mse_expression_min": 0.11730364431156257,
  "recon_mse_expression_max": 1.1578952868121568,
  "recon_mse_jaw_pose_mean": 0.0023039183297153495,
  "recon_mse_jaw_pose_std": 0.0015661063220481159,
  "recon_mse_jaw_pose_median": 0.0019215154386555578,
  "recon_mse_jaw_pose_min": 0.0006748560327046987,
  "recon_mse_jaw_pose_max": 0.007351663672264856,
  "recon_mse_eye_pose_mean": 0.011130953733997365,
  "recon_mse_eye_pose_std": 0.005813153680134452,
  "recon_mse_eye_pose_median": 0.010000964177598489,
  "recon_mse_eye_pose_min": 0.0038105096760260907,
  "recon_mse_eye_pose_max": 0.033195322733085696,
  "recon_mse_global_orient_mean": 0.02925057871280825,
  "recon_mse_global_orient_std": 0.022215794342003197,
  "recon_mse_global_orient_median": 0.020499063579496293,
  "recon_mse_global_orient_min": 0.005418207707600659,
  "recon_mse_global_orient_max": 0.10371394063931884,
  "recon_mae_expression_mean": 0.3638238418524998,
  "recon_mae_expression_std": 0.08046312382228613,
  "recon_mae_expression_median": 0.3550912930825935,
  "recon_mae_expression_min": 0.23862217657392068,
  "recon_mae_expression_max": 0.6060368980885327,
  "recon_mae_jaw_pose_mean": 0.03190037776154987,
  "recon_mae_jaw_pose_std": 0.008127839156889314,
  "recon_mae_jaw_pose_median": 0.030658093789622986,
  "recon_mae_jaw_pose_min": 0.01780043462158812,
  "recon_mae_jaw_pose_max": 0.05843606558845355,
  "recon_mae_eye_pose_mean": 0.07374761325882295,
  "recon_mae_eye_pose_std": 0.019001295968161747,
  "recon_mae_eye_pose_median": 0.07258379834254608,
  "recon_mae_eye_pose_min": 0.0432381954431404,
  "recon_mae_eye_pose_max": 0.13860692667941346,
  "recon_mae_global_orient_mean": 0.1289767133829348,
  "recon_mae_global_orient_std": 0.05207496787956579,
  "recon_mae_global_orient_median": 0.11408693866150309,
  "recon_mae_global_orient_min": 0.06103711062583955,
  "recon_mae_global_orient_max": 0.2708860079896889,
  "recon_corr_expression_mean": 0.5946224845089105,
  "recon_corr_expression_std": 0.14210209283690192,
  "recon_corr_expression_median": 0.6428259505794305,
  "recon_corr_expression_min": 0.18569037225868693,
  "recon_corr_expression_max": 0.7990188595084049,
  "recon_corr_jaw_pose_mean": 0.5570330693563802,
  "recon_corr_jaw_pose_std": 0.18807248524215256,
  "recon_corr_jaw_pose_median": 0.5972930413839481,
  "recon_corr_jaw_pose_min": 0.013431980400177424,
  "recon_corr_jaw_pose_max": 0.8446023345455582,
  "recon_corr_eye_pose_mean": 0.612358220334141,
  "recon_corr_eye_pose_std": 0.18348391759152297,
  "recon_corr_eye_pose_median": 0.6689296754323317,
  "recon_corr_eye_pose_min": -0.1347062984858356,
  "recon_corr_eye_pose_max": 0.8956446021195016,
  "recon_corr_global_orient_mean": 0.4152489100822668,
  "recon_corr_global_orient_std": 0.3608691216263909,
  "recon_corr_global_orient_median": 0.5037659986164219,
  "recon_corr_global_orient_min": -0.5695555957278552,
  "recon_corr_global_orient_max": 0.9011854251154026,
  "recon_mse_mouth_open_mean": 0.679590895323662,
  "recon_mse_mouth_open_std": 0.4673436973870291,
  "recon_mse_mouth_open_median": 0.5242061206223274,
  "recon_mse_mouth_open_min": 0.23168713634398747,
  "recon_mse_mouth_open_max": 2.515925206640477,
  "recon_mse_smile_frown_mean": 0.4292988765022228,
  "recon_mse_smile_frown_std": 0.2352656205324787,
  "recon_mse_smile_frown_median": 0.36084535788663163,
  "recon_mse_smile_frown_min": 0.16275220445461672,
  "recon_mse_smile_frown_max": 1.3125752807741964,
  "recon_mse_lips_mean": 0.8096136895165601,
  "recon_mse_lips_std": 0.4117556751142015,
  "recon_mse_lips_median": 0.7211567398073125,
  "recon_mse_lips_min": 0.2937513652423145,
  "recon_mse_lips_max": 2.5042932044082726,
  "recon_mse_brows_mean": 0.29904077463628,
  "recon_mse_brows_std": 0.16820563141409786,
  "recon_mse_brows_median": 0.27466638298897456,
  "recon_mse_brows_min": 0.09673108868785006,
  "recon_mse_brows_max": 0.9130207676906482,
  "recon_mse_eyes_expr_mean": 0.31332167728428195,
  "recon_mse_eyes_expr_std": 0.2541930357286133,
  "recon_mse_eyes_expr_median": 0.2445208290259238,
  "recon_mse_eyes_expr_min": 0.08934543761628085,
  "recon_mse_eyes_expr_max": 1.30014628893044,
  "recon_mse_cheeks_mean": 0.5909040630807174,
  "recon_mse_cheeks_std": 0.6948516819845718,
  "recon_mse_cheeks_median": 0.33824080259524814,
  "recon_mse_cheeks_min": 0.09246452458522764,
  "recon_mse_cheeks_max": 3.582755011617633,
  "recon_mse_nose_mean": 0.5264076961028309,
  "recon_mse_nose_std": 0.32122535865125174,
  "recon_mse_nose_median": 0.4488558276690914,
  "recon_mse_nose_min": 0.1531964534852344,
  "recon_mse_nose_max": 1.787231039227416,
  "temporal_velocity_mse_mean": 81.56676621942113,
  "temporal_velocity_mse_std": 75.59024599246685,
  "temporal_velocity_mse_median": 47.087086441542326,
  "temporal_velocity_mse_min": 2.0539863265902594,
  "temporal_velocity_mse_max": 343.4012800665417,
  "temporal_velocity_mae_mean": 4.111396557575234,
  "temporal_velocity_mae_std": 1.6235680583517762,
  "temporal_velocity_mae_median": 3.8666484182904597,
  "temporal_velocity_mae_min": 0.4047496847170716,
  "temporal_velocity_mae_max": 9.054721208000947,
  "temporal_velocity_corr_mean": 0.006330767891911611,
  "temporal_velocity_corr_std": 0.016234282197851065,
  "temporal_velocity_corr_median": 0.0030086149621638865,
  "temporal_velocity_corr_min": -0.03287524111617597,
  "temporal_velocity_corr_max": 0.0702239239364389,
  "temporal_accel_mse_mean": 184817.60820056044,
  "temporal_accel_mse_std": 175873.90748767328,
  "temporal_accel_mse_median": 106104.07352797865,
  "temporal_accel_mse_min": 4063.216351426175,
  "temporal_accel_mse_max": 763424.9771931883,
  "temporal_accel_mae_mean": 194.6675720792671,
  "temporal_accel_mae_std": 81.09592779427298,
  "temporal_accel_mae_median": 182.2512592971893,
  "temporal_accel_mae_min": 17.544986373860105,
  "temporal_accel_mae_max": 450.3317896512332,
  "temporal_jerk_mean_pred_mean": 53.25359163062433,
  "temporal_jerk_mean_pred_std": 33.085855974456216,
  "temporal_jerk_mean_pred_median": 46.39452678278806,
  "temporal_jerk_mean_pred_min": 12.542879210086955,
  "temporal_jerk_mean_pred_max": 184.04787365808946,
  "temporal_jerk_peak_pred_mean": 2104.6240892706046,
  "temporal_jerk_peak_pred_std": 527.1358163149577,
  "temporal_jerk_peak_pred_median": 2097.416344425231,
  "temporal_jerk_peak_pred_min": 1230.7713736648254,
  "temporal_jerk_peak_pred_max": 3639.670832289273,
  "temporal_jerk_auc_pred_mean": 216.9783261233799,
  "temporal_jerk_auc_pred_std": 56.75983459698633,
  "temporal_jerk_auc_pred_median": 203.37868078213927,
  "temporal_jerk_auc_pred_min": 134.6600282098784,
  "temporal_jerk_auc_pred_max": 429.4450385355421,
  "temporal_smoothness_ratio_mean": 0.0004469885055720069,
  "temporal_smoothness_ratio_std": 0.00043221230865335983,
  "temporal_smoothness_ratio_median": 0.0003765750368124667,