{
  "n_samples": 39,
  "total_frames": 6194,
  "mean_duration": 158.82051282051282,
  "recon_mse_mean": 0.2631379317164523,
  "recon_mse_std": 0.1954093483474794,
  "recon_mse_median": 0.19944894227616394,
  "recon_mse_min": 0.090049173184689,
  "recon_mse_max": 1.0969462814573558,
  "recon_mae_mean": 0.3134842034643425,
  "recon_mae_std": 0.08333462119848631,
  "recon_mae_median": 0.2886031331200077,
  "recon_mae_min": 0.18561157296372754,
  "recon_mae_max": 0.5566434919975903,
  "recon_rmse_mean": 0.48924775619134736,
  "recon_rmse_std": 0.15419002814120034,
  "recon_rmse_median": 0.4465970692650859,
  "recon_rmse_min": 0.300081944116418,
  "recon_rmse_max": 1.0473520332043833,
  "recon_correlation_mean": 0.6316203806131963,
  "recon_correlation_std": 0.15379150100621336,
  "recon_correlation_median": 0.654926029299109,
  "recon_correlation_min": 0.13365338419096748,
  "recon_correlation_max": 0.8497010035930446,
  "recon_mse_expression_mean": 0.2934077174848094,
  "recon_mse_expression_std": 0.21846671067028697,
  "recon_mse_expression_median": 0.22136953803741105,
  "recon_mse_expression_min": 0.10035907802274648,
  "recon_mse_expression_max": 1.22631155142872,
  "recon_mse_jaw_pose_mean": 0.0022280646742106223,
  "recon_mse_jaw_pose_std": 0.00127124243087107,
  "recon_mse_jaw_pose_median": 0.002143280198589822,
  "recon_mse_jaw_pose_min": 0.0006956617477673119,
  "recon_mse_jaw_pose_max": 0.006268864054626252,
  "recon_mse_eye_pose_mean": 0.010517727776196356,
  "recon_mse_eye_pose_std": 0.006472962880861757,
  "recon_mse_eye_pose_median": 0.008623168181513029,
  "recon_mse_eye_pose_min": 0.0031196437341480237,
  "recon_mse_eye_pose_max": 0.033247496540292125,
  "recon_mse_global_orient_mean": 0.02029534769396751,
  "recon_mse_global_orient_std": 0.01324202983642145,
  "recon_mse_global_orient_median": 0.016543364099658887,
  "recon_mse_global_orient_min": 0.0036458501104907237,
  "recon_mse_global_orient_max": 0.05320158488151301,
  "recon_mae_expression_mean": 0.34275961279882405,
  "recon_mae_expression_std": 0.09166411564212043,
  "recon_mae_expression_median": 0.31664680564194586,
  "recon_mae_expression_min": 0.20321055011517888,
  "recon_mae_expression_max": 0.6121951143203679,
  "recon_mae_jaw_pose_mean": 0.0315767606699134,
  "recon_mae_jaw_pose_std": 0.007876387813069277,
  "recon_mae_jaw_pose_median": 0.029932731316269685,
  "recon_mae_jaw_pose_min": 0.01783611027230681,
  "recon_mae_jaw_pose_max": 0.049030665684327235,
  "recon_mae_eye_pose_mean": 0.07000126740970716,
  "recon_mae_eye_pose_std": 0.02209587830171554,
  "recon_mae_eye_pose_median": 0.06572141902378377,
  "recon_mae_eye_pose_min": 0.04134602501704571,
  "recon_mae_eye_pose_max": 0.14182616507567672,
  "recon_mae_global_orient_mean": 0.10651054055199338,
  "recon_mae_global_orient_std": 0.037994338753637516,
  "recon_mae_global_orient_median": 0.10400033380971653,
  "recon_mae_global_orient_min": 0.04850722640176394,
  "recon_mae_global_orient_max": 0.1774679834524901,
  "recon_corr_expression_mean": 0.6315778865978724,
  "recon_corr_expression_std": 0.15403470452491855,
  "recon_corr_expression_median": 0.6534092289209433,
  "recon_corr_expression_min": 0.1311975102603305,
  "recon_corr_expression_max": 0.8499719183113291,
  "recon_corr_jaw_pose_mean": 0.5739036471212622,
  "recon_corr_jaw_pose_std": 0.18243593206632117,
  "recon_corr_jaw_pose_median": 0.6540955768886322,
  "recon_corr_jaw_pose_min": -0.03574998300072974,
  "recon_corr_jaw_pose_max": 0.8365895882242316,
  "recon_corr_eye_pose_mean": 0.6287458774479427,
  "recon_corr_eye_pose_std": 0.19875885656054726,
  "recon_corr_eye_pose_median": 0.6781347949735457,
  "recon_corr_eye_pose_min": -0.17157391555784507,
  "recon_corr_eye_pose_max": 0.8842287750115733,
  "recon_corr_global_orient_mean": 0.5522940523632307,
  "recon_corr_global_orient_std": 0.2633761046936643,
  "recon_corr_global_orient_median": 0.6455093591615718,
  "recon_corr_global_orient_min": -0.13239431671398466,
  "recon_corr_global_orient_max": 0.9127122859778775,
  "recon_mse_mouth_open_mean": 0.6252963459713893,
  "recon_mse_mouth_open_std": 0.4501079123877177,
  "recon_mse_mouth_open_median": 0.4947478921634394,
  "recon_mse_mouth_open_min": 0.14225329846182216,
  "recon_mse_mouth_open_max": 2.4389711311413733,
  "recon_mse_smile_frown_mean": 0.43376744747300533,
  "recon_mse_smile_frown_std": 0.3103713729098676,
  "recon_mse_smile_frown_median": 0.328794936725673,
  "recon_mse_smile_frown_min": 0.15805820825390937,
  "recon_mse_smile_frown_max": 1.7073739849734388,
  "recon_mse_lips_mean": 0.7144085753879323,
  "recon_mse_lips_std": 0.4994975900468986,
  "recon_mse_lips_median": 0.5695513667897819,
  "recon_mse_lips_min": 0.19675405208952182,
  "recon_mse_lips_max": 2.652559538510877,
  "recon_mse_brows_mean": 0.27395215077555857,
  "recon_mse_brows_std": 0.17068547695961486,
  "recon_mse_brows_median": 0.22025316801419273,
  "recon_mse_brows_min": 0.07870215830418209,
  "recon_mse_brows_max": 0.9356279380265765,
  "recon_mse_eyes_expr_mean": 0.28382284091368637,
  "recon_mse_eyes_expr_std": 0.259375199597905,
  "recon_mse_eyes_expr_median": 0.1855365200284013,
  "recon_mse_eyes_expr_min": 0.08332545805875557,
  "recon_mse_eyes_expr_max": 1.334533785646289,
  "recon_mse_cheeks_mean": 0.5645121301749059,
  "recon_mse_cheeks_std": 0.6981763969194801,
  "recon_mse_cheeks_median": 0.30578068513360696,
  "recon_mse_cheeks_min": 0.07727418680938983,
  "recon_mse_cheeks_max": 3.5371263467796803,
  "recon_mse_nose_mean": 0.4793952800857221,
  "recon_mse_nose_std": 0.3704296314097223,
  "recon_mse_nose_median": 0.3804356291830201,
  "recon_mse_nose_min": 0.13126458243441702,
  "recon_mse_nose_max": 1.9679683706433735,
  "temporal_velocity_mse_mean": 81.0870228791192,
  "temporal_velocity_mse_std": 75.21809900204984,
  "temporal_velocity_mse_median": 45.8452558943203,
  "temporal_velocity_mse_min": 2.41512173640217,
  "temporal_velocity_mse_max": 339.59418734560296,
  "temporal_velocity_mae_mean": 4.116335221869184,
  "temporal_velocity_mae_std": 1.6022822132349663,
  "temporal_velocity_mae_median": 3.8241362433662958,
  "temporal_velocity_mae_min": 0.6297332742675386,
  "temporal_velocity_mae_max": 9.064949422976014,
  "temporal_velocity_corr_mean": 0.08632844775756968,
  "temporal_velocity_corr_std": 0.047653745933071895,
  "temporal_velocity_corr_median": 0.09349033520156141,
  "temporal_velocity_corr_min": 0.003525014325289555,
  "temporal_velocity_corr_max": 0.1886270558442718,
  "temporal_accel_mse_mean": 184740.82194142594,
  "temporal_accel_mse_std": 175736.42053635663,
  "temporal_accel_mse_median": 105999.79829828213,
  "temporal_accel_mse_min": 4229.433903375019,
  "temporal_accel_mse_max": 763364.3197953583,
  "temporal_accel_mae_mean": 194.85958094928088,
  "temporal_accel_mae_std": 80.69524267890885,
  "temporal_accel_mae_median": 181.84122893810724,
  "temporal_accel_mae_min": 20.96218906533019,
  "temporal_accel_mae_max": 450.47237432352546,
  "temporal_jerk_mean_pred_mean": 3637.7523720155787,
  "temporal_jerk_mean_pred_std": 1972.633894760354,
  "temporal_jerk_mean_pred_median": 2969.496131847012,
  "temporal_jerk_mean_pred_min": 839.240428351843,
  "temporal_jerk_mean_pred_max": 9795.007453928296,
  "temporal_jerk_peak_pred_mean": 46623.433734105885,
  "temporal_jerk_peak_pred_std": 26372.042688835783,
  "temporal_jerk_peak_pred_median": 39193.650498373194,
  "temporal_jerk_peak_pred_min": 6989.317086648819,
  "temporal_jerk_peak_pred_max": 109120.68911304878,
  "temporal_jerk_auc_pred_mean": 17198.31110548465,
  "temporal_jerk_auc_pred_std": 8423.766301195388,
  "temporal_jerk_auc_pred_median": 15396.163103048251,
  "temporal_jerk_auc_pred_min": 2049.4022559867044,
  "temporal_jerk_auc_pred_max": 43463.74283382696,
  "temporal_smoothness_ratio_mean": 0.027182868676980918,
  "temporal_smoothness_ratio_std": 0.01715911654130737,
  "temporal_smoothness_ratio_median": 0.024962755150493746,